{
  "selected_model": "extra_trees",
  "decision_threshold": 0.65,
  "model_comparison": {
    "logistic_regression": {
      "accuracy": 0.7300177619893428,
      "balanced_accuracy": 0.7046328487147071,
      "precision": 0.6914893617021277,
      "recall": 0.5803571428571429,
      "f1": 0.6310679611650486,
      "roc_auc": 0.7831764651484119,
      "decision_threshold": 0.6
    },
    "random_forest": {
      "accuracy": 0.7246891651865008,
      "balanced_accuracy": 0.6846851295828066,
      "precision": 0.73,
      "recall": 0.4888392857142857,
      "f1": 0.5855614973262032,
      "roc_auc": 0.7923609077977147,
      "decision_threshold": 0.5499999999999999
    },
    "extra_trees": {
      "accuracy": 0.9342806394316163,
      "balanced_accuracy": 0.9242256637168141,
      "precision": 0.9560975609756097,
      "recall": 0.875,
      "f1": 0.9137529137529138,
      "roc_auc": 0.9727473059275035,
      "decision_threshold": 0.65
    },
    "xgboost": {
      "accuracy": 0.7415630550621669,
      "balanced_accuracy": 0.7229278603034135,
      "precision": 0.6919315403422983,
      "recall": 0.6316964285714286,
      "f1": 0.6604434072345391,
      "roc_auc": 0.797947130357206,
      "decision_threshold": 0.44999999999999996
    }
  },
  "training_rows": 1126,
  "positive_rate": 0.3978685612788632,
  "ranking": {
    "top_3_accuracy": 0.3978685612788632,
    "precision_at_3": 0.3978685612788632,
    "recall_at_3": 0.3978685612788632,
    "ndcg_at_3": 0.3978685612788632
  }
}