{
  "selected_model": "xgboost",
  "selection_score": 0.9968834789745777,
  "decision_threshold": 0.5499999999999999,
  "calibration": {
    "brier_uncalibrated": 0.005548747256398201,
    "brier_isotonic": 0.12273154773820491,
    "brier_sigmoid": 0.13372463666067544,
    "applied": "none"
  },
  "xgboost_best_params": {
    "subsample": 0.8,
    "reg_lambda": 0.5,
    "n_estimators": 600,
    "min_child_weight": 1,
    "max_depth": 5,
    "learning_rate": 0.1,
    "colsample_bytree": 0.9
  },
  "model_comparison": {
    "logistic_regression": {
      "accuracy": 0.7806443798449613,
      "balanced_accuracy": 0.7616113922487933,
      "precision": 0.7442019099590723,
      "recall": 0.6728337958680234,
      "f1": 0.7067206477732794,
      "roc_auc": 0.8474629762099509,
      "decision_threshold": 0.6
    },
    "random_forest": {
      "accuracy": 0.8699127906976745,
      "balanced_accuracy": 0.8698514297608826,
      "precision": 0.8124459809853068,
      "recall": 0.8695652173913043,
      "f1": 0.8400357462019661,
      "roc_auc": 0.9470610739967231,
      "decision_threshold": 0.49999999999999994
    },
    "extra_trees": {
      "accuracy": 0.9991521317829457,
      "balanced_accuracy": 0.9990296275013365,
      "precision": 0.9993827160493827,
      "recall": 0.9984582176996608,
      "f1": 0.9989202529693043,
      "roc_auc": 0.9999978468058262,
      "decision_threshold": 0.49999999999999994
    },
    "hist_gradient_boosting": {
      "accuracy": 0.9984253875968992,
      "balanced_accuracy": 0.9981589956769199,
      "precision": 0.9990729295426453,
      "recall": 0.9969164353993216,
      "f1": 0.9979935175181355,
      "roc_auc": 0.9997855221325193,
      "decision_threshold": 0.6
    },
    "xgboost": {
      "accuracy": 0.9963662790697675,
      "balanced_accuracy": 0.9958101535452781,
      "precision": 0.997522452771756,
      "recall": 0.9932161578785076,
      "f1": 0.9953646477132262,
      "roc_auc": 0.999475635665229,
      "decision_threshold": 0.5499999999999999
    }
  },
  "training_rows": 8256,
  "positive_rate": 0.39280523255813954,
  "ranking_random_split": {
    "top_3_accuracy": 0.3978685612788632,
    "precision_at_3": 0.39727649496743633,
    "recall_at_3": 0.19982238010657194,
    "ndcg_at_3": 0.6234458259325044,
    "mrr": 0.3978685612788632,
    "top_5_accuracy": 0.3978685612788632,
    "precision_at_5": 0.39680284191829485,
    "recall_at_5": 0.3318531675547661,
    "ndcg_at_5": 0.6234458259325044
  },
  "validation_grouped": {
    "leave_zone_out": {
      "group_col": "agro_ecological_zone",
      "n_groups": 4,
      "folds": 4,
      "model": "xgboost",
      "accuracy": 0.5572916666666666,
      "balanced_accuracy": 0.5070296415259271,
      "f1": 0.32601880877742945,
      "roc_auc": 0.48608628358743367
    },
    "leave_district_out": {
      "group_col": "district",
      "n_groups": 80,
      "folds": 5,
      "model": "xgboost",
      "accuracy": 0.5396075581395349,
      "balanced_accuracy": 0.4959515066562368,
      "f1": 0.3328067403896788,
      "roc_auc": 0.526530127434935
    },
    "hold_out_season": {
      "group_col": "season_year",
      "n_groups": 2,
      "folds": 2,
      "model": "xgboost",
      "accuracy": 0.6744186046511628,
      "balanced_accuracy": 0.6570454284171054,
      "f1": 0.5815691158156912,
      "roc_auc": 0.6851261035215317
    }
  }
}